state_id,cat_id,mean_cost_reduction_pct,mean_fill_rate,wins,observations
CA,FOODS,5.964015956144462,0.9068638604408011,15,20
CA,HOBBIES,-14.358053378297878,0.8330389433198228,2,20
CA,HOUSEHOLD,3.3900853972520992,0.9196550658421815,15,20
TX,FOODS,9.021306919667953,0.926289653248862,16,20
TX,HOBBIES,-2.177930785606415,0.8496795357364573,9,20
TX,HOUSEHOLD,3.903978540415369,0.8996644589527465,13,20
WI,FOODS,6.910371361375478,0.8733227245097129,14,20
WI,HOBBIES,-1.3279968919017888,0.8580992810117565,9,20
WI,HOUSEHOLD,-4.529612464864328,0.9027516797877773,10,20
